pos,val_A,val_C,val_G,val_T
0,0.015578097737500107,-0.05070978566250005,0.03774076788749988,-0.0026090799624998995
1,-0.05315609346249977,0.022417930437499983,-0.01818511156249998,0.048923274587499746
2,0.01739624896249983,-0.01894554058749986,-0.015235465387500015,0.016784757012500037
3,-0.03968862748750018,-0.0013165871875000408,0.0073702786125001,0.03363493606250012
4,-0.0065759819750000476,-0.0064007921749999665,-0.008738279325000034,0.02171505347500004
5,-0.016496399387499888,-0.01852505063749988,0.05743134076249993,-0.02240989073750011
6,-0.009370531849999933,0.03736093699999988,-0.028893862750000034,0.0009034576000000582
7,-0.04276809083750011,0.009144367112499982,0.011751980112500077,0.02187174361250006
8,0.028711620862499967,-0.04396625743750007,0.030555084062499988,-0.015300447487499856
9,0.003424134612499987,0.041847126162499845,-0.0800092756875001,0.0347380149125002
10,0.03500654047500015,-0.009185457574999925,0.010092518374999955,-0.03591360127500017
11,0.025948088324999886,0.029284399375000058,-0.017978018924999863,-0.0372544687750001
12,-0.0237570011874999,0.03047657276250003,-0.011928857937500047,0.005209286362499907
13,-0.022280785874999945,-0.04231877792500013,0.03278088922500013,0.03181867457499997
14,-0.07025641837499999,0.03384907962500015,-0.010507906624999985,0.0469152453749998
15,-0.02545798699999984,-0.01227135859999996,0.019860673249999895,0.01786867234999992
16,0.046402972275000065,0.010860823975000026,-0.05197707607500011,-0.005286720175000021
17,0.01121880529999992,-0.04447522774999992,0.03010601830000005,0.0031504041499999785
18,-0.024874185812500144,-0.0016186537124999166,0.010874859937500063,0.015617979587500004
19,-0.043889695362499995,0.061911897787499934,-0.0032682651625000735,-0.014753937262499886
20,0.015681461612499975,-0.041724439237499945,-0.02104671648749992,0.04708969411249987
21,0.012615705274999974,-0.04131366012500025,-0.034811600525000014,0.06350955537500026
22,-0.06730886695000002,0.04876974730000003,-0.029425002349999688,0.04796412199999965
23,-0.03266855735000018,-0.0005678043999998127,-0.007980402449999858,0.041216764199999846
24,0.045526700512500025,-0.035596028787499845,-0.00047307613750009227,-0.009457595587500079
25,-0.05834894779999993,-0.01618495109999989,0.024598580699999956,0.049935318199999884
26,0.024914358250000032,-0.019186358050000157,-0.03401519754999966,0.028287197349999762
27,0.01630106794999998,-0.015200168149999934,-0.005058683550000008,0.00395778374999996
28,0.012297720449999962,0.005042157950000001,0.015278729249999904,-0.03261860764999985
29,0.010004067799999981,0.022709665949999968,0.01703212179999987,-0.04974585554999981
30,0.06424989247500043,-0.046188452275000236,-0.055057972725000154,0.036996532524999924
31,0.006286361849999984,0.010896885999999939,-0.012100787899999925,-0.0050824599500000085
32,0.010845790237500017,-0.022137565612500052,-0.0007998377124999638,0.012091613087500003
33,0.011551632587499947,-0.004870582312500037,-0.01754212951250005,0.010861079237500128
34,0.05677399612500021,-0.02377456907500005,-0.01641574617500014,-0.016583680875000027
35,-0.07023988216250032,0.039688102087499955,-6.153896249989216e-05,0.030613319037500253
36,-0.027154074375000038,-0.03611428767499997,-0.006117710624999922,0.06938607267499992
37,-0.0109770246,0.0034369395500000142,0.012291275249999987,-0.004751190199999995
38,0.0009970048499999499,-0.034924995000000104,0.00011765924999991863,0.03381033090000024
39,-0.03241529897500009,0.016450355675000066,0.019526645574999987,-0.003561702274999953
40,-0.0019242190499999972,0.012167232899999967,-0.005586265349999961,-0.004656748500000014
41,0.01231782401250004,-0.04366196403749988,0.04873051311249986,-0.017386373087499973
42,-0.0483915447375001,0.027732090112499764,-0.023160989387499845,0.04382044401250016
43,-0.004144165450000016,0.0066864007999999486,0.046013715050000265,-0.048555950400000165
44,0.06386784452499983,-0.024491958374999782,-0.002705277774999959,-0.03667060837500008
45,0.0810315419374996,-0.028269934912499954,-0.04389139301249978,-0.00887021401249989
46,0.03631985448750008,0.02221631803749996,-0.0023169881624999535,-0.056219184362500084
47,-0.038368735075,0.050600667025000066,-0.030321654724999952,0.01808972277499986
48,-0.007645044587499953,-0.0010579429375000074,-0.022472196537499968,0.03117518406249991
49,-0.045873331475000056,-0.04246212927499989,0.057964453724999906,0.030371007025000087
50,0.03238004948749995,-0.05614229996250024,-0.02426079986249996,0.04802305033750024
51,0.0546348087124998,-0.06719268623750023,0.017146897712500175,-0.0045890201874997354
52,0.03214395436249979,0.026144014312500033,-0.06286641218749989,0.004578443512500006
53,0.005573547950000025,0.014660605200000001,-0.031121046700000092,0.01088689355000004
54,-0.007371367112499974,0.004104893337500018,0.0059843711374999485,-0.0027178973624999887
55,0.022354100150000063,-0.0006516912499999279,-0.018837813650000153,-0.002864595249999992
56,-0.016406478100000014,-0.022298389149999952,0.017800907400000034,0.020903959849999945
57,0.010800612062500029,0.029469108362500093,-0.006630691387500011,-0.033639029037500115
58,-0.030178216049999998,0.018060735450000025,0.038005065200000104,-0.025887584600000107
59,-0.03709836332499991,-0.009864315925000158,-0.04971019682500023,0.09667287607500026
60,0.029251974762499786,0.01763319821250016,0.005399381562500089,-0.05228455453750003
61,-0.0567877104875001,0.008560054312499996,-0.006786895887500002,0.0550145520625001
62,0.05714485039999996,-0.05130206989999986,-0.05643174295000025,0.05058896245000011
63,-0.03883917732499995,0.040409045525000006,0.012756131125,-0.01432599932500005
64,0.0037297850500000516,-0.036621059950000284,-0.006876887049999877,0.03976816195000011
65,0.01653350880000016,-0.017426414149999844,0.03768821275,-0.03679530740000028
66,-0.07265053540000022,0.060034062099999744,0.006905968050000214,0.00571050525000024
67,-0.02491398612500002,0.028178066875000015,-0.015956027325000028,0.012691946575000019
68,-0.029951524537499753,0.002978469662499909,0.0024822792124998784,0.024490775662499967
69,-0.005207075224999961,0.06524812382499995,-0.010722294475000012,-0.049318754124999996
70,-0.05037806483749989,0.0020420041124999677,0.004850957512499929,0.043485103212499994
71,0.07588332279999974,-0.02808423209999986,-0.005209619699999973,-0.04258947099999989
72,-0.009172644212500036,0.008653861137500017,0.012627816437500066,-0.01210903336250004
73,-0.01360201646250007,-0.01287598426249999,0.01568390158750003,0.010794099137500042
74,0.007332604912499971,0.014142521712500062,-0.011316905137500053,-0.010158221487499992
75,0.04576361353750001,-0.059357102112500164,-0.0055292046624999085,0.01912269323750008
76,0.0004510424249999797,0.023570041774999998,-0.007190114474999953,-0.016830969725000033
77,0.02313006078750005,0.011135201287500014,-0.04962337431250008,0.01535811223749998
78,-0.007628962574999806,0.003348372125000219,0.06328472032499982,-0.059004129875000186
79,0.029276103962500136,0.0331741757124998,-0.058091735987499955,-0.004358543687500027
80,0.03466760661249994,-0.01658289588749997,0.028207624212499907,-0.04629233493749986
81,0.025587958787499913,0.00614558948750003,0.01956268063750003,-0.05129622891249996
82,-0.006936615375000026,0.02543210362500006,-0.019336088425000057,0.0008406001750000036
83,0.03254690091250007,0.03007923101250008,-0.03204325718750003,-0.030582874737500158
84,0.00011039448749995164,0.06858363293750036,-0.045738666662500205,-0.02295536076250014
85,-0.02674569322499981,0.041279939825000014,0.03608911902499987,-0.050623365625000055
86,0.08711474336250052,0.032289915412499835,-0.08414350118750014,-0.03526115758750028
87,-0.01941836017499992,0.030146336925000076,-0.029564486725000193,0.018836509975000006
88,-0.016606556650000114,-0.0227161410999999,0.03513188920000002,0.00419080855000002
89,0.06074958697500004,-0.023552901725000068,0.00172615927499996,-0.03892284452499993
90,0.03567715463749988,0.0002852363375001011,-0.018035617862500006,-0.017926773112499992
91,0.007804050850000065,-0.0467217312000001,0.03492616825000004,0.00399151210000003
92,0.010075630925000066,-0.007925825325000052,-0.003875486425000038,0.0017256808250000236
93,-0.032972624612500154,0.014895861887500077,0.03841358363750009,-0.020336820912499987
94,0.045504359037500115,0.003105505887499936,-0.028747054612500007,-0.019862810312500062
95,-0.00036496122499999045,0.02466090707499998,0.014245089574999951,-0.03854103542499994
96,-0.010559417062500022,0.005126659237500012,0.00914955233749999,-0.0037167945124999754
97,0.044139908474999996,-0.01847976647499998,-0.03790654837500001,0.012246406374999972
98,0.03765758691250026,0.005028139262500023,-0.001968313187499968,-0.04071741298750032
99,0.04569746363750003,0.038226277087499906,-0.08293535091250007,-0.0009883898124999468
100,0.0173681566624999,-0.03921114593750015,0.06739731826250026,-0.045554328987499955
101,0.02243804010000002,0.03404497400000009,-0.014680247250000037,-0.04180276685000009
102,0.026542582987500004,-0.0309669652125,-0.008033158562499965,0.012457540787499959
103,0.00358975278749996,-0.009076818062499954,0.03648735023749976,-0.03100028496249974
104,-0.01885965998750004,-0.009507256387500034,-0.010481456687500027,0.038848373062500094
105,-0.03273118460000006,0.07553104024999975,0.027373950449999962,-0.07017380609999964
106,-0.03167632903750013,-0.004176261287500076,-0.03647018808750024,0.07232277841250041
107,0.010666809862500057,-0.058510090137500144,0.04736940036250003,0.00047387991250010843
108,0.045841228337500206,-0.058916272712500016,-0.005879504762500071,0.01895454913749989
109,0.04539868122500023,0.008618725625000006,-0.011597181525000007,-0.04242022532500024
110,-0.037797636262499795,0.0384646712374999,-0.059422148862499996,0.05875511388749984
111,0.019589003699999805,0.044470821400000214,-0.05345031349999991,-0.010609511600000156
112,-0.04138381859999988,0.004344938349999987,0.010472191399999931,0.026566688849999964
113,-0.036172430537500265,-0.04234222283749994,0.03177299696249992,0.04674165641250031
114,-0.02142670187499999,-0.020281228224999892,0.019930118074999906,0.021777812024999992
115,0.004154210612499925,0.04804426256250034,-0.028967324937500184,-0.02323114823750011
116,-0.011580883874999944,0.02378641007499996,-0.039348430475000105,0.02714290427500006
117,-0.01360588861250004,0.02501672013749991,-0.0500859185125002,0.038675086987500294
118,-0.009648772274999984,0.03939408767500006,0.004603422474999958,-0.03434873787500004
119,0.026116127137500028,0.036563742687500074,0.026176594337499956,-0.08885646416250005
120,-0.0037517494749999434,0.027894564624999875,0.02269642232499997,-0.04683923747499989
121,-0.028707861787500125,-0.020991156437500054,0.013594288712499947,0.03610472951250024
122,0.02187236151250013,-0.03222794363749973,0.04963750076249979,-0.03928191863750014
123,-0.02069256847500007,-0.02232684472500013,-0.006192215875000074,0.04921162907500026
124,-0.04906502206250019,0.026802282287500125,0.00611054738750004,0.016152192387500028
125,0.012285392874999863,0.004768593625000003,-0.01875302667499987,0.0016990401749999878
126,0.03634946280000005,0.016501572399999834,-0.01924568834999991,-0.03360534684999998
127,-0.04159717627499987,0.027311340725000004,0.020825388174999834,-0.006539552624999961
128,0.0075674023374999975,-0.032611583062499956,-0.041772032062500054,0.06681621278750002
129,0.049053264875000266,-0.04427308437500002,0.012357663774999974,-0.017137844275000234
130,0.061491206674999827,0.003052533375000027,-0.020570296174999943,-0.043973443874999914
131,-0.05831102099999966,0.004515615950000131,-0.024113170600000015,0.07790857564999956
132,0.0490346394375004,-0.057565812012500425,-0.04941652281249988,0.057947695387499894
133,0.02002138323749989,0.0022815992374999906,0.028388218237499978,-0.05069120071249987
134,0.008914450987500001,-0.021425550562499982,-0.0039035516625000174,0.016414651237499998
135,-0.006237530100000003,0.030227090049999992,-0.009356443149999958,-0.014633116800000024
136,-0.017821708287499943,-0.00238920618749993,-0.017150930637499992,0.037361845112499875
137,0.01730883663749995,-0.013017478962500061,0.010171794587499942,-0.014463152262499834
138,-0.04088507217499997,-0.007033422924999995,0.03340718002499992,0.014511315075000034
139,-0.01034899481250021,0.04022476928750019,-0.020508772562499975,-0.0093670019125
140,0.034250023212500036,-0.06151492138749989,-0.0006492752375001545,0.027914173412500003
141,-0.012317954487500078,-0.0179729458375,0.026659025462500117,0.003631874862499956
142,0.013947832750000087,0.010937367499999937,-0.033143845699999994,0.008258645449999973
143,-0.029496074212499987,0.03680416328750008,-0.03122688836250003,0.023918799287499952
144,-0.010074271100000014,-0.015301515299999964,0.03541407925000004,-0.010038292850000078
145,-0.03235249273750007,-0.02292780318750008,0.04369334201250013,0.01158695391250002
146,0.0012201284750000133,0.018403048324999983,-0.016059774274999977,-0.003563402525000012
147,-0.0063358782125001855,0.06927485383750037,-0.07167723986249996,0.008738264237499802
148,0.04480213078749991,-0.012413984062499873,-0.05273677451250017,0.020348627787500136
149,-0.03836489411249992,0.03242945933749998,0.01283448798749997,-0.006899053212500019
150,-0.034402377812499746,0.06079068693749957,0.03321042123750037,-0.05959873036250019
151,0.01846523858749986,-0.023143359112499866,-0.0035827526625000095,0.008260873187500012
152,0.03221859203750023,0.03751734298749994,-0.045183666312500134,-0.02455226871250003
153,0.0006067646500000207,0.021029469500000023,-0.004303075799999966,-0.017333158350000072
154,-0.0010103266750000834,0.021936176425000058,0.0241339747249999,-0.04505982447499987
155,-0.010165879962500022,0.03986428393749988,-0.03271222176249981,0.003013817787499969
156,0.009200251000000059,-0.012482007799999972,0.0323748784000001,-0.029093121600000195
157,0.009612187712499994,0.0037163079124999387,-0.0005925215374999325,-0.012735974087500001
158,0.058922234975000064,0.012709280075000159,-0.029661708675000044,-0.04196980637500018
159,0.037096474112500125,-0.04875990753749998,0.04270246856249982,-0.031039035137499973
